model_name,model_kind,level,total_fragments,total_genomes,total_positive,total_negative,precision,recall,f1_score,accuracy,auroc,auprc,TP,FP,FN,TN
viralm_o_6l_meanpool_kd,meanpool,genome,40930,4085,1191,2894,0.7817460317460317,0.8270361041141897,0.8037535699714402,0.8822521419828642,0.9312837527714483,0.7781501453353121,985,275,206,2619
viralm_r_v4_final_6l_meanpool_kd,meanpool,genome,40930,4085,1191,2894,0.7466852756454989,0.8984047019311503,0.8155487804878048,0.8815177478580172,0.929246038446608,0.7917587905674082,1070,363,121,2531
viralm_o_6l_gated_mil_kd,mil,genome,40930,4085,1191,2894,0.8988860325621251,0.8807724601175483,0.8897370653095843,0.9363525091799265,0.9802135574514457,0.9586534420905303,1049,118,142,2776
viralm_r_v4_final_6l_gated_mil_kd,mil,genome,40930,4085,1191,2894,0.9038961038961039,0.8765743073047859,0.8900255754475703,0.9368421052631579,0.9783158299083718,0.9565231032489797,1044,111,147,2783
viralm_o_12l_gated_mil,mil,genome,40930,4085,1191,2894,0.9675767918088737,0.9521410579345088,0.9597968683876428,0.9767441860465116,0.9948702460343847,0.9896730692672855,1134,38,57,2856
viralm_r_v4_final_12l_gated_mil,mil,genome,40930,4085,1191,2894,0.9258312020460358,0.9118387909319899,0.918781725888325,0.9529987760097919,0.9848117968384166,0.9712007828081375,1086,87,105,2807
