model_name,model_kind,level,total_fragments,total_genomes,total_positive,total_negative,precision,recall,f1_score,accuracy,auroc,auprc,TP,FP,FN,TN
viralm_o,meanpool,genome,40930,4085,1191,2894,0.8915763135946623,0.8975650713685979,0.8945606694560669,0.9383108935128519,0.9711154320847963,0.8987645731192445,1069,130,122,2764
viralm_r,meanpool,genome,40930,4085,1191,2894,0.7761607761607762,0.9403862300587741,0.85041761579347,0.9035495716034272,0.9494113882220778,0.854504669628785,1120,323,71,2571
