case_group	genomes	records	mean_attention	mean_viral_marker_density	mean_plasmid_marker_density	mean_cellular_marker_density
both_correct_control	424	1735	0.24438040389355709	0.48103670019572187	0.05781515204232482	0.09818828656334302
ga_corrected_negative	280	359	0.7799442900879049	0.1530716162568781	0.2083406413482812	0.05823385276772182
ga_rescued_positive	33	253	0.13043478282474147	0.7566977565793199	0.018651733922677945	0.0
ga_worse	111	953	0.11647429192446916	0.39851136482886007	0.023430774784607578	0.10469087470839493
