model,slow_elapsed_sec,fast_elapsed_sec,speedup_x,delta_sec
viralm-r-12l-gated-mil,100.5323212146759,90.58395767211914,1.1098247835291786,9.948363542556763
viralm-r-6l-gated-mil,68.28325986862183,58.551692724227905,1.1662047106004012,9.731567144393921
viralm-o-6l-gated-mil,76.72215962409973,65.33981919288635,1.1742022027580479,11.382340431213379
